machine_1187,machine_1218,machine_1336,machine_1454,machine_1740,machine_1850,machine_232,machine_2411,machine_26,machine_2920,machine_3185,machine_3403,machine_355,machine_3747,machine_3792,machine_3865,machine_3900,machine_4073,machine_4183,machine_4416,machine_4439,machine_4486,machine_456,machine_4564,machine_4682,machine_4738,machine_4830,machine_4846,machine_4881,machine_4949,machine_5230,machine_5293,machine_5334,machine_5461,machine_5695,machine_5713,machine_5972,,,,,,,,,,,,,,,,,,,,,,,,,,,,,,,,,,,,,,,,,,,,,,,,,,,,,,,,,,,,,,,,,,,,,,,,,,,,,,,,,,,,,,,,,,,,,,,,,,,,,,,,,,,,,,,,,,,,,,,,,,,,
machine_2015,machine_3041,machine_3423,machine_3428,machine_346,machine_3809,machine_5031,machine_5828,machine_59,machine_5992,machine_738,machine_996,,,,,,,,,,,,,,,,,,,,,,,,,,,,,,,,,,,,,,,,,,,,,,,,,,,,,,,,,,,,,,,,,,,,,,,,,,,,,,,,,,,,,,,,,,,,,,,,,,,,,,,,,,,,,,,,,,,,,,,,,,,,,,,,,,,,,,,,,,,,,,,,,,,,,
machine_1048,machine_1095,machine_1136,machine_1162,machine_1222,machine_1285,machine_1292,machine_1322,machine_1349,machine_1362,machine_137,machine_1398,machine_1404,machine_1471,machine_1559,machine_1572,machine_1642,machine_1659,machine_1740,machine_1790,machine_1871,machine_1937,machine_1938,machine_1994,machine_2056,machine_2068,machine_2077,machine_2097,machine_2254,machine_2330,machine_2387,machine_2457,machine_2552,machine_2559,machine_2640,machine_2740,machine_2762,machine_2767,machine_2950,machine_2961,machine_3035,machine_3069,machine_3133,machine_3191,machine_3200,machine_3205,machine_3239,machine_3273,machine_328,machine_3315,machine_3325,machine_3338,machine_3342,machine_3345,machine_3391,machine_3403,machine_3406,machine_3417,machine_35,machine_3525,machine_3530,machine_3553,machine_3560,machine_3589,machine_3634,machine_3686,machine_3687,machine_3699,machine_3761,machine_3781,machine_3807,machine_3862,machine_3938,machine_3993,machine_4006,machine_4029,machine_4069,machine_4088,machine_4104,machine_4171,machine_4172,machine_4201,machine_4204,machine_4210,machine_423,machine_4241,machine_4247,machine_4299,machine_4376,machine_4382,machine_4414,machine_4432,machine_449,machine_4549,machine_4586,machine_4587,machine_4596,machine_4607,machine_461,machine_4623,machine_4654,machine_4715,machine_4745,machine_4788,machine_4804,machine_4848,machine_4882,machine_4902,machine_4949,machine_4951,machine_4958,machine_5009,machine_5034,machine_5036,machine_5038,machine_5048,machine_5055,machine_5073,machine_5118,machine_5129,machine_516,machine_5183,machine_5209,machine_5249,machine_5278,machine_5310,machine_5323,machine_5330,machine_5357,machine_5358,machine_536,machine_538,machine_5384,machine_5438,machine_5444,machine_5455,machine_5629,machine_5646,machine_5665,machine_5673,machine_5700,machine_5719,machine_5730,machine_5764,machine_5765,machine_5835,machine_5914,machine_5918,machine_5938,machine_5942,machine_5948,machine_613,machine_630,machine_693,machine_721,machine_748,machine_805,machine_877,machine_922,machine_971,machine_972
machine_1067,machine_1141,machine_1447,machine_1769,machine_1845,machine_1981,machine_2057,machine_2058,machine_2072,machine_2182,machine_2215,machine_2811,machine_3,machine_3159,machine_3332,machine_3519,machine_3580,machine_3608,machine_3657,machine_3684,machine_373,machine_3787,machine_3814,machine_3859,machine_4006,machine_4094,machine_4167,machine_4282,machine_4396,machine_447,machine_4501,machine_4502,machine_4578,machine_4620,machine_4709,machine_4745,machine_4746,machine_483,machine_4833,machine_4848,machine_4884,machine_4959,machine_508,machine_5447,machine_5482,machine_5529,machine_5730,machine_5877,machine_5921,machine_5930,machine_633,machine_668,machine_755,machine_762,,,,,,,,,,,,,,,,,,,,,,,,,,,,,,,,,,,,,,,,,,,,,,,,,,,,,,,,,,,,,,,,,,,,,,,,,,,,,,,,,,,,,,,,,,,,,,,,,,,,,,,,,,,
machine_1171,machine_124,machine_1497,machine_1566,machine_1611,machine_1771,machine_2197,machine_2310,machine_2986,machine_3007,machine_3065,machine_3558,machine_3661,machine_3686,machine_3743,machine_3792,machine_4231,machine_427,machine_4386,machine_441,machine_4504,machine_4659,machine_4705,machine_4882,machine_499,machine_508,machine_5271,machine_5342,machine_5399,machine_5540,machine_563,machine_5937,machine_878,,,,,,,,,,,,,,,,,,,,,,,,,,,,,,,,,,,,,,,,,,,,,,,,,,,,,,,,,,,,,,,,,,,,,,,,,,,,,,,,,,,,,,,,,,,,,,,,,,,,,,,,,,,,,,,,,,,,,,,,,,,,,,,,
machine_1086,machine_1170,machine_1444,machine_1839,machine_21,machine_2424,machine_249,machine_2611,machine_2673,machine_3078,machine_3142,machine_3142,machine_3205,machine_3420,machine_3429,machine_3588,machine_3627,machine_3747,machine_3808,machine_4007,machine_4084,machine_4145,machine_4316,machine_4331,machine_4394,machine_4440,machine_4620,machine_4728,machine_4762,machine_4859,machine_4918,machine_5017,machine_5017,machine_5115,machine_5152,machine_542,machine_5462,machine_5634,machine_5637,machine_5720,machine_5902,machine_663,machine_818,,,,,,,,,,,,,,,,,,,,,,,,,,,,,,,,,,,,,,,,,,,,,,,,,,,,,,,,,,,,,,,,,,,,,,,,,,,,,,,,,,,,,,,,,,,,,,,,,,,,,,,,,,,,,,,,,,,,,,
machine_1045,machine_1090,machine_1221,machine_1334,machine_1467,machine_1659,machine_1671,machine_1900,machine_193,machine_2097,machine_2942,machine_2986,machine_3009,machine_3044,machine_3069,machine_3215,machine_3387,machine_3455,machine_3547,machine_3658,machine_3687,machine_377,machine_4027,machine_406,machine_4084,machine_4119,machine_4167,machine_4169,machine_4174,machine_4186,machine_4279,machine_4280,machine_4296,machine_4435,machine_4581,machine_4676,machine_4727,machine_4770,machine_4835,machine_485,machine_4868,machine_4872,machine_4881,machine_5038,machine_5102,machine_5184,machine_5249,machine_5283,machine_5334,machine_5349,machine_5374,machine_5416,machine_5425,machine_5493,machine_5698,machine_5747,machine_5854,machine_593,machine_656,machine_759,,,,,,,,,,,,,,,,,,,,,,,,,,,,,,,,,,,,,,,,,,,,,,,,,,,,,,,,,,,,,,,,,,,,,,,,,,,,,,,,,,,,,,,,,,,,,,,,,,,,,
machine_1154,machine_1267,machine_1482,machine_1489,machine_1621,machine_1681,machine_1688,machine_1712,machine_1712,machine_1734,machine_1821,machine_1916,machine_2119,machine_2195,machine_2313,machine_232,machine_2385,machine_2415,machine_270,machine_2709,machine_2760,machine_2845,machine_2872,machine_3002,machine_3022,machine_3179,machine_3225,machine_3261,machine_3292,machine_3316,machine_3627,machine_3663,machine_3686,machine_3787,machine_3795,machine_4007,machine_4251,machine_4297,machine_431,machine_4407,machine_4582,machine_4584,machine_4622,machine_4794,machine_4799,machine_4869,machine_4927,machine_5131,machine_5293,machine_5352,machine_5358,machine_5372,machine_5448,machine_5469,machine_5485,machine_5512,machine_5555,machine_5774,machine_5796,machine_5848,machine_5860,machine_5912,machine_805,machine_854,machine_858,machine_921,machine_958,,,,,,,,,,,,,,,,,,,,,,,,,,,,,,,,,,,,,,,,,,,,,,,,,,,,,,,,,,,,,,,,,,,,,,,,,,,,,,,,,,,,,,,,,,,,,,
machine_1208,machine_1381,machine_1428,machine_1776,machine_2104,machine_2122,machine_234,machine_3493,machine_3679,machine_3740,machine_3981,machine_4475,machine_4481,machine_4637,machine_4719,machine_4864,machine_499,machine_5100,machine_5278,machine_5566,machine_5658,machine_5875,machine_5893,machine_5898,machine_5912,machine_722,machine_825,,,,,,,,,,,,,,,,,,,,,,,,,,,,,,,,,,,,,,,,,,,,,,,,,,,,,,,,,,,,,,,,,,,,,,,,,,,,,,,,,,,,,,,,,,,,,,,,,,,,,,,,,,,,,,,,,,,,,,,,,,,,,,,,,,,,,,
machine_107,machine_1238,machine_1242,machine_1421,machine_1544,machine_1598,machine_1667,machine_1765,machine_181,machine_1868,machine_1937,machine_1994,machine_2067,machine_241,machine_2453,machine_2521,machine_2660,machine_2878,machine_3073,machine_3083,machine_3226,machine_3496,machine_3553,machine_3584,machine_3664,machine_3705,machine_3708,machine_3805,machine_3872,machine_3984,machine_4060,machine_4120,machine_4125,machine_4142,machine_4167,machine_4177,machine_4334,machine_4432,machine_4461,machine_4472,machine_4491,machine_4498,machine_4504,machine_4515,machine_455,machine_4579,machine_4598,machine_4707,machine_4712,machine_4729,machine_4803,machine_4809,machine_4848,machine_4918,machine_4939,machine_4986,machine_5075,machine_5100,machine_5123,machine_5204,machine_5242,machine_5311,machine_5434,machine_5438,machine_5618,machine_5627,machine_5719,machine_5745,machine_576,machine_5774,machine_5854,machine_5866,machine_5902,machine_5936,machine_597,machine_815,machine_946,machine_991,,,,,,,,,,,,,,,,,,,,,,,,,,,,,,,,,,,,,,,,,,,,,,,,,,,,,,,,,,,,,,,,,,,,,,,,,,,,,,,,,,,
machine_1144,machine_1438,machine_1530,machine_1603,machine_1632,machine_1688,machine_1697,machine_1761,machine_1820,machine_2492,machine_2723,machine_281,machine_2811,machine_2914,machine_3131,machine_325,machine_3387,machine_3406,machine_3418,machine_3515,machine_3539,machine_354,machine_3638,machine_3648,machine_3660,machine_3746,machine_3783,machine_3830,machine_4007,machine_4063,machine_4083,machine_4173,machine_4209,machine_4370,machine_4378,machine_4517,machine_4524,machine_4561,machine_4581,machine_4646,machine_4658,machine_4659,machine_482,machine_4859,machine_4872,machine_4896,machine_4958,machine_5003,machine_5209,machine_5299,machine_5327,machine_5372,machine_5423,machine_5436,machine_5510,machine_5562,machine_5572,machine_5588,machine_5912,machine_5926,machine_5938,machine_5939,machine_617,machine_708,machine_882,,,,,,,,,,,,,,,,,,,,,,,,,,,,,,,,,,,,,,,,,,,,,,,,,,,,,,,,,,,,,,,,,,,,,,,,,,,,,,,,,,,,,,,,,,,,,,,,
